ibge_id,uf,name,capital,lon,lat,no_accents,alternative_names,microregion,mesoregion
1100015,RO,Alta Floresta D'Oeste,,-61.9998238963,-11.9355403048,Alta Floresta D'Oeste,,Cacoal,Leste Rondoniense
1200013,AC,Acrelndia,,-67.05231658,-10.0737938925,Acrelandia,,Rio Branco,Vale do Acre
1300029,AM,Alvares,,-64.8135346776,-3.2165837691,Alvaraes,,Tef,Centro Amazonense
1400027,RR,Amajari,,-61.4205901727,3.6521184454,Amajari,,Boa Vista,Norte de Roraima
1500107,PA,Abaetetuba,,-48.8844038207,-1.7234698628,Abaetetuba,,Camet,Nordeste Paraense
1600055,AP,Serra do Navio,,-52.0035384353,0.897841041,Serra do Navio,,Macap,Sul do Amap
1600808,AP,Vitria do Jari,,-52.4196147796,-0.9189770885,Vitoria do Jari,,Mazago,Sul do Amap
1700251,TO,Abreulndia,,-49.1624375555,-9.621790712,Abreulandia,,Miracema do Tocantins,Ocidental do Tocantins
2100055,MA,Aailndia,,-47.5066645931,-4.9513770002,Acailandia,,Imperatriz,Oeste Maranhense